﻿<?xml version="1.0" encoding="utf-8"?>
<TextureAtlas imagePath="bambi_pissyboy.png">
	<!-- Created with Adobe Animate version 19.0.0.326 -->
	<!-- http://www.adobe.com/products/animate.html -->
	<SubTexture name="down0000" x="0" y="0" width="903" height="973"/>
	<SubTexture name="down0001" x="908" y="0" width="903" height="973"/>
	<SubTexture name="down0002" x="908" y="0" width="903" height="973"/>
	<SubTexture name="down0003" x="1816" y="0" width="903" height="973"/>
	<SubTexture name="down0004" x="1816" y="0" width="903" height="973"/>
	<SubTexture name="down0005" x="2724" y="0" width="903" height="973"/>
	<SubTexture name="down0006" x="2724" y="0" width="903" height="973"/>
	<SubTexture name="down0007" x="2724" y="0" width="903" height="973"/>
	<SubTexture name="down0008" x="2724" y="0" width="903" height="973"/>
	<SubTexture name="down0009" x="2724" y="0" width="903" height="973"/>
	<SubTexture name="down0010" x="2724" y="0" width="903" height="973"/>
	<SubTexture name="down0011" x="2724" y="0" width="903" height="973"/>
	<SubTexture name="down0012" x="2724" y="0" width="903" height="973"/>
	<SubTexture name="down0013" x="2724" y="0" width="903" height="973"/>
	<SubTexture name="down0014" x="2724" y="0" width="903" height="973"/>
	<SubTexture name="down0015" x="2724" y="0" width="903" height="973"/>
	<SubTexture name="down0016" x="2724" y="0" width="903" height="973"/>
	<SubTexture name="down0017" x="2724" y="0" width="903" height="973"/>
	<SubTexture name="down0018" x="2724" y="0" width="903" height="973"/>
	<SubTexture name="down0019" x="2724" y="0" width="903" height="973"/>
	<SubTexture name="down0020" x="2724" y="0" width="903" height="973"/>
	<SubTexture name="down0021" x="2724" y="0" width="903" height="973"/>
	<SubTexture name="down0022" x="2724" y="0" width="903" height="973"/>
	<SubTexture name="down0023" x="2724" y="0" width="903" height="973"/>
	<SubTexture name="idle0000" x="0" y="978" width="903" height="973"/>
	<SubTexture name="idle0001" x="908" y="978" width="903" height="973"/>
	<SubTexture name="idle0002" x="908" y="978" width="903" height="973"/>
	<SubTexture name="idle0003" x="1816" y="978" width="903" height="973"/>
	<SubTexture name="idle0004" x="1816" y="978" width="903" height="973"/>
	<SubTexture name="idle0005" x="2724" y="978" width="903" height="973"/>
	<SubTexture name="idle0006" x="2724" y="978" width="903" height="973"/>
	<SubTexture name="idle0007" x="0" y="1956" width="903" height="973"/>
	<SubTexture name="idle0008" x="0" y="1956" width="903" height="973"/>
	<SubTexture name="idle0009" x="908" y="1956" width="903" height="973"/>
	<SubTexture name="idle0010" x="908" y="1956" width="903" height="973"/>
	<SubTexture name="idle0011" x="908" y="1956" width="903" height="973"/>
	<SubTexture name="idle0012" x="908" y="1956" width="903" height="973"/>
	<SubTexture name="idle0013" x="908" y="1956" width="903" height="973"/>
	<SubTexture name="idle0014" x="2724" y="978" width="903" height="973"/>
	<SubTexture name="idle0015" x="1816" y="978" width="903" height="973"/>
	<SubTexture name="idle0016" x="1816" y="978" width="903" height="973"/>
	<SubTexture name="idle0017" x="908" y="978" width="903" height="973"/>
	<SubTexture name="idle0018" x="908" y="978" width="903" height="973"/>
	<SubTexture name="idle0019" x="0" y="978" width="903" height="973"/>
	<SubTexture name="idle0020" x="0" y="978" width="903" height="973"/>
	<SubTexture name="idle0021" x="0" y="978" width="903" height="973"/>
	<SubTexture name="idle0022" x="0" y="978" width="903" height="973"/>
	<SubTexture name="left0000" x="1816" y="1956" width="903" height="973"/>
	<SubTexture name="left0001" x="2724" y="1956" width="903" height="973"/>
	<SubTexture name="left0002" x="2724" y="1956" width="903" height="973"/>
	<SubTexture name="left0003" x="0" y="2934" width="903" height="973"/>
	<SubTexture name="left0004" x="0" y="2934" width="903" height="973"/>
	<SubTexture name="left0005" x="908" y="2934" width="903" height="973"/>
	<SubTexture name="left0006" x="908" y="2934" width="903" height="973"/>
	<SubTexture name="left0007" x="908" y="2934" width="903" height="973"/>
	<SubTexture name="left0008" x="908" y="2934" width="903" height="973"/>
	<SubTexture name="left0009" x="908" y="2934" width="903" height="973"/>
	<SubTexture name="left0010" x="908" y="2934" width="903" height="973"/>
	<SubTexture name="left0011" x="908" y="2934" width="903" height="973"/>
	<SubTexture name="left0012" x="908" y="2934" width="903" height="973"/>
	<SubTexture name="left0013" x="908" y="2934" width="903" height="973"/>
	<SubTexture name="left0014" x="908" y="2934" width="903" height="973"/>
	<SubTexture name="left0015" x="908" y="2934" width="903" height="973"/>
	<SubTexture name="left0016" x="908" y="2934" width="903" height="973"/>
	<SubTexture name="left0017" x="908" y="2934" width="903" height="973"/>
	<SubTexture name="left0018" x="908" y="2934" width="903" height="973"/>
	<SubTexture name="left0019" x="908" y="2934" width="903" height="973"/>
	<SubTexture name="left0020" x="908" y="2934" width="903" height="973"/>
	<SubTexture name="left0021" x="908" y="2934" width="903" height="973"/>
	<SubTexture name="left0022" x="908" y="2934" width="903" height="973"/>
	<SubTexture name="left0023" x="908" y="2934" width="903" height="973"/>
	<SubTexture name="right0000" x="1816" y="2934" width="903" height="973"/>
	<SubTexture name="right0001" x="2724" y="2934" width="903" height="973"/>
	<SubTexture name="right0002" x="2724" y="2934" width="903" height="973"/>
	<SubTexture name="right0003" x="0" y="3912" width="903" height="973"/>
	<SubTexture name="right0004" x="0" y="3912" width="903" height="973"/>
	<SubTexture name="right0005" x="908" y="3912" width="903" height="973"/>
	<SubTexture name="right0006" x="908" y="3912" width="903" height="973"/>
	<SubTexture name="right0007" x="908" y="3912" width="903" height="973"/>
	<SubTexture name="right0008" x="908" y="3912" width="903" height="973"/>
	<SubTexture name="right0009" x="908" y="3912" width="903" height="973"/>
	<SubTexture name="right0010" x="908" y="3912" width="903" height="973"/>
	<SubTexture name="right0011" x="908" y="3912" width="903" height="973"/>
	<SubTexture name="right0012" x="908" y="3912" width="903" height="973"/>
	<SubTexture name="right0013" x="908" y="3912" width="903" height="973"/>
	<SubTexture name="right0014" x="908" y="3912" width="903" height="973"/>
	<SubTexture name="right0015" x="908" y="3912" width="903" height="973"/>
	<SubTexture name="right0016" x="908" y="3912" width="903" height="973"/>
	<SubTexture name="right0017" x="908" y="3912" width="903" height="973"/>
	<SubTexture name="right0018" x="908" y="3912" width="903" height="973"/>
	<SubTexture name="right0019" x="908" y="3912" width="903" height="973"/>
	<SubTexture name="right0020" x="908" y="3912" width="903" height="973"/>
	<SubTexture name="right0021" x="908" y="3912" width="903" height="973"/>
	<SubTexture name="right0022" x="908" y="3912" width="903" height="973"/>
	<SubTexture name="right0023" x="908" y="3912" width="903" height="973"/>
	<SubTexture name="up0000" x="1816" y="3912" width="903" height="973"/>
	<SubTexture name="up0001" x="2724" y="3912" width="903" height="973"/>
	<SubTexture name="up0002" x="2724" y="3912" width="903" height="973"/>
	<SubTexture name="up0003" x="0" y="4890" width="903" height="973"/>
	<SubTexture name="up0004" x="0" y="4890" width="903" height="973"/>
	<SubTexture name="up0005" x="908" y="4890" width="903" height="973"/>
	<SubTexture name="up0006" x="908" y="4890" width="903" height="973"/>
	<SubTexture name="up0007" x="908" y="4890" width="903" height="973"/>
	<SubTexture name="up0008" x="908" y="4890" width="903" height="973"/>
	<SubTexture name="up0009" x="908" y="4890" width="903" height="973"/>
	<SubTexture name="up0010" x="908" y="4890" width="903" height="973"/>
	<SubTexture name="up0011" x="908" y="4890" width="903" height="973"/>
	<SubTexture name="up0012" x="908" y="4890" width="903" height="973"/>
	<SubTexture name="up0013" x="908" y="4890" width="903" height="973"/>
	<SubTexture name="up0014" x="908" y="4890" width="903" height="973"/>
	<SubTexture name="up0015" x="908" y="4890" width="903" height="973"/>
	<SubTexture name="up0016" x="908" y="4890" width="903" height="973"/>
	<SubTexture name="up0017" x="908" y="4890" width="903" height="973"/>
	<SubTexture name="up0018" x="908" y="4890" width="903" height="973"/>
	<SubTexture name="up0019" x="908" y="4890" width="903" height="973"/>
	<SubTexture name="up0020" x="908" y="4890" width="903" height="973"/>
	<SubTexture name="up0021" x="908" y="4890" width="903" height="973"/>
	<SubTexture name="up0022" x="908" y="4890" width="903" height="973"/>
	<SubTexture name="up0023" x="908" y="4890" width="903" height="973"/>
</TextureAtlas>
