<?xml version="1.0" encoding="utf-8"?>
<TextureAtlas>
	<SubTexture name="sad up0000" x="0" y="0" width="750" height="946"/>
    <SubTexture name="sad up0001" x="0" y="0" width="750" height="946"/>
    <SubTexture name="sad up0002" x="750" y="0" width="750" height="946"/>
    <SubTexture name="sad up0003" x="750" y="0" width="750" height="946"/>
    <SubTexture name="sad left0000" x="1500" y="0" width="750" height="946"/>
    <SubTexture name="sad left0001" x="1500" y="0" width="750" height="946"/>
    <SubTexture name="sad left0002" x="2250" y="0" width="750" height="946"/>
    <SubTexture name="sad left0003" x="2250" y="0" width="750" height="946"/>
    <SubTexture name="down0000" x="3000" y="0" width="750" height="946"/>
    <SubTexture name="down0001" x="3000" y="0" width="750" height="946"/>
    <SubTexture name="down0002" x="3750" y="0" width="750" height="946"/>
    <SubTexture name="down0003" x="3750" y="0" width="750" height="946"/>
    <SubTexture name="down0004" x="4500" y="0" width="750" height="946"/>
    <SubTexture name="down0005" x="4500" y="0" width="750" height="946"/>
    <SubTexture name="sad down0000" x="0" y="946" width="750" height="946"/>
    <SubTexture name="sad down0001" x="0" y="946" width="750" height="946"/>
    <SubTexture name="sad down0002" x="750" y="946" width="750" height="946"/>
    <SubTexture name="sad down0003" x="750" y="946" width="750" height="946"/>
    <SubTexture name="up0000" x="1500" y="946" width="750" height="946"/>
    <SubTexture name="up0001" x="1500" y="946" width="750" height="946"/>
    <SubTexture name="up0002" x="2250" y="946" width="750" height="946"/>
    <SubTexture name="up0003" x="2250" y="946" width="750" height="946"/>
    <SubTexture name="up0004" x="3000" y="946" width="750" height="946"/>
    <SubTexture name="up0005" x="3000" y="946" width="750" height="946"/>
    <SubTexture name="right0000" x="3750" y="946" width="920" height="858"/>
    <SubTexture name="right0001" x="3750" y="946" width="920" height="858"/>
    <SubTexture name="right0002" x="3750" y="1804" width="920" height="858"/>
    <SubTexture name="right0003" x="3750" y="1804" width="920" height="858"/>
    <SubTexture name="right0004" x="0" y="2662" width="920" height="858"/>
    <SubTexture name="right0005" x="0" y="2662" width="920" height="858"/>
    <SubTexture name="sad right0000" x="920" y="2662" width="750" height="946"/>
    <SubTexture name="sad right0001" x="920" y="2662" width="750" height="946"/>
    <SubTexture name="sad right0002" x="1670" y="2662" width="750" height="946"/>
    <SubTexture name="sad right0003" x="1670" y="2662" width="750" height="946"/>
    <SubTexture name="idle0000" x="2420" y="2662" width="750" height="946"/>
    <SubTexture name="idle0001" x="2420" y="2662" width="750" height="946"/>
    <SubTexture name="idle0002" x="3170" y="2662" width="750" height="946"/>
    <SubTexture name="idle0003" x="3170" y="2662" width="750" height="946"/>
    <SubTexture name="idle0004" x="3920" y="2662" width="750" height="946"/>
    <SubTexture name="idle0005" x="3920" y="2662" width="750" height="946"/>
    <SubTexture name="idle0006" x="0" y="3608" width="750" height="946"/>
    <SubTexture name="idle0007" x="0" y="3608" width="750" height="946"/>
    <SubTexture name="idle0008" x="750" y="3608" width="750" height="946"/>
    <SubTexture name="idle0009" x="750" y="3608" width="750" height="946"/>
    <SubTexture name="idle0010" x="1500" y="3608" width="750" height="946"/>
    <SubTexture name="idle0011" x="1500" y="3608" width="750" height="946"/>
    <SubTexture name="phones shake0000" x="2250" y="3608" width="750" height="946"/>
    <SubTexture name="phones shake0001" x="2250" y="3608" width="750" height="946"/>
    <SubTexture name="phones shake0002" x="3000" y="3608" width="750" height="946"/>
    <SubTexture name="phones shake0003" x="3000" y="3608" width="750" height="946"/>
    <SubTexture name="phones shake0004" x="3750" y="3608" width="750" height="946"/>
    <SubTexture name="phones shake0005" x="3750" y="3608" width="750" height="946"/>
    <SubTexture name="phones shake0006" x="4500" y="3608" width="750" height="946"/>
    <SubTexture name="phones shake0007" x="4500" y="3608" width="750" height="946"/>
    <SubTexture name="left0000" x="5250" y="0" width="1069" height="904"/>
    <SubTexture name="left0001" x="5250" y="0" width="1069" height="904"/>
    <SubTexture name="left0002" x="5250" y="904" width="1069" height="904"/>
    <SubTexture name="left0003" x="5250" y="904" width="1069" height="904"/>
    <SubTexture name="left0004" x="4670" y="1808" width="1069" height="904"/>
    <SubTexture name="left0005" x="4670" y="1808" width="1069" height="904"/>
    <SubTexture name="phones fall0000" x="5250" y="2712" width="750" height="946"/>
    <SubTexture name="phones fall0001" x="5250" y="2712" width="750" height="946"/>
    <SubTexture name="phones fall0002" x="5250" y="3658" width="750" height="946"/>
    <SubTexture name="phones fall0003" x="5250" y="3658" width="750" height="946"/>
    <SubTexture name="phones fall0004" x="0" y="4604" width="750" height="946"/>
    <SubTexture name="phones fall0005" x="0" y="4604" width="750" height="946"/>
    <SubTexture name="phones fall0006" x="750" y="4604" width="750" height="946"/>
    <SubTexture name="phones fall0007" x="750" y="4604" width="750" height="946"/>
    <SubTexture name="phones fall0008" x="1500" y="4604" width="750" height="946"/>
    <SubTexture name="phones fall0009" x="1500" y="4604" width="750" height="946"/>
    <SubTexture name="phones fall0010" x="2250" y="4604" width="750" height="946"/>
    <SubTexture name="phones fall0011" x="2250" y="4604" width="750" height="946"/>
    <SubTexture name="phones fall0012" x="3000" y="4604" width="750" height="946"/>
    <SubTexture name="phones fall0013" x="3000" y="4604" width="750" height="946"/>
    <SubTexture name="phones fall0014" x="3750" y="4604" width="750" height="946"/>
    <SubTexture name="phones fall0015" x="3750" y="4604" width="750" height="946"/>
    <SubTexture name="phones fall0016" x="4500" y="4604" width="750" height="946"/>
    <SubTexture name="phones fall0017" x="4500" y="4604" width="750" height="946"/>
</TextureAtlas>
